{
  "IcoMoonType": "selection",
  "icons": [
    {
      "icon": {
        "paths": [
          "M992 512l-480-480v288h-512v384h512v288z"
        ],
        "attrs": [
          {}
        ],
        "isMulticolor": false,
        "isMulticolor2": false,
        "tags": [
          "arrow-right",
          "right",
          "next"
        ],
        "grid": 16
      },
      "attrs": [
        {}
      ],
      "properties": {
        "order": 1,
        "id": 0,
        "name": "arrow-right, right, next",
        "prevSize": 32,
        "code": 59655
      },
      "setIdx": 0,
      "setId": 4,
      "iconIdx": 0
    },
    {
      "icon": {
        "paths": [
          "M32 512l480 480v-288h512v-384h-512v-288z"
        ],
        "attrs": [
          {}
        ],
        "isMulticolor": false,
        "isMulticolor2": false,
        "tags": [
          "arrow-left",
          "left",
          "previous"
        ],
        "grid": 16
      },
      "attrs": [
        {}
      ],
      "properties": {
        "order": 2,
        "id": 1,
        "name": "arrow-left, left, previous",
        "prevSize": 32,
        "code": 59656
      },
      "setIdx": 0,
      "setId": 4,
      "iconIdx": 1
    },
    {
      "icon": {
        "paths": [
          "M1024 608l-192-192v-288h-128v160l-192-192-512 512v32h128v320h320v-192h128v192h320v-320h128z"
        ],
        "attrs": [],
        "isMulticolor": false,
        "isMulticolor2": false,
        "tags": [
          "home",
          "house"
        ],
        "defaultCode": 59650,
        "grid": 16
      },
      "attrs": [],
      "properties": {
        "ligatures": "home3, house3",
        "name": "home3",
        "order": 2,
        "id": 2,
        "prevSize": 32,
        "code": 59650
      },
      "setIdx": 0,
      "setId": 4,
      "iconIdx": 2
    },
    {
      "icon": {
        "paths": [
          "M864 0c88.364 0 160 71.634 160 160 0 36.020-11.91 69.258-32 96l-64 64-224-224 64-64c26.742-20.090 59.978-32 96-32zM64 736l-64 288 288-64 592-592-224-224-592 592zM715.578 363.578l-448 448-55.156-55.156 448-448 55.156 55.156z"
        ],
        "attrs": [],
        "isMulticolor": false,
        "isMulticolor2": false,
        "tags": [
          "pencil",
          "write",
          "edit"
        ],
        "defaultCode": 59653,
        "grid": 16
      },
      "attrs": [],
      "properties": {
        "ligatures": "pencil, write",
        "name": "pencil",
        "order": 3,
        "id": 3,
        "prevSize": 32,
        "code": 59653
      },
      "setIdx": 0,
      "setId": 4,
      "iconIdx": 3
    },
    {
      "icon": {
        "paths": [
          "M917.806 229.076c-22.212-30.292-53.174-65.7-87.178-99.704s-69.412-64.964-99.704-87.178c-51.574-37.82-76.592-42.194-90.924-42.194h-496c-44.112 0-80 35.888-80 80v864c0 44.112 35.888 80 80 80h736c44.112 0 80-35.888 80-80v-624c0-14.332-4.372-39.35-42.194-90.924zM785.374 174.626c30.7 30.7 54.8 58.398 72.58 81.374h-153.954v-153.946c22.984 17.78 50.678 41.878 81.374 72.572zM896 944c0 8.672-7.328 16-16 16h-736c-8.672 0-16-7.328-16-16v-864c0-8.672 7.328-16 16-16 0 0 495.956-0.002 496 0v224c0 17.672 14.326 32 32 32h224v624z"
        ],
        "attrs": [],
        "isMulticolor": false,
        "isMulticolor2": false,
        "tags": [
          "file-empty",
          "file",
          "document",
          "paper",
          "page",
          "new",
          "empty",
          "blank"
        ],
        "defaultCode": 59684,
        "grid": 16
      },
      "attrs": [],
      "properties": {
        "ligatures": "file-empty, file3",
        "name": "file-empty",
        "order": 9,
        "id": 4,
        "prevSize": 32,
        "code": 59684
      },
      "setIdx": 0,
      "setId": 4,
      "iconIdx": 4
    },
    {
      "icon": {
        "paths": [
          "M320 192c0-106.039 85.961-192 192-192s192 85.961 192 192c0 106.039-85.961 192-192 192s-192-85.961-192-192zM768.078 448h-35.424l-199.104 404.244 74.45-372.244-96-96-96 96 74.45 372.244-199.102-404.244h-35.424c-127.924 0-127.924 85.986-127.924 192v320h768v-320c0-106.014 0-192-127.922-192z"
        ],
        "attrs": [],
        "isMulticolor": false,
        "isMulticolor2": false,
        "tags": [
          "user-tie",
          "user",
          "user-employee",
          "profile",
          "avatar",
          "person",
          "member",
          "job",
          "official"
        ],
        "defaultCode": 59766,
        "grid": 16
      },
      "attrs": [],
      "properties": {
        "ligatures": "user-tie, user5",
        "name": "user-tie",
        "order": 8,
        "id": 5,
        "prevSize": 32,
        "code": 59766
      },
      "setIdx": 0,
      "setId": 4,
      "iconIdx": 5
    },
    {
      "icon": {
        "paths": [
          "M992.262 871.396l-242.552-206.294c-25.074-22.566-51.89-32.926-73.552-31.926 57.256-67.068 91.842-154.078 91.842-249.176 0-212.078-171.922-384-384-384-212.076 0-384 171.922-384 384s171.922 384 384 384c95.098 0 182.108-34.586 249.176-91.844-1 21.662 9.36 48.478 31.926 73.552l206.294 242.552c35.322 39.246 93.022 42.554 128.22 7.356s31.892-92.898-7.354-128.22zM384 640c-141.384 0-256-114.616-256-256s114.616-256 256-256 256 114.616 256 256-114.614 256-256 256z"
        ],
        "attrs": [],
        "isMulticolor": false,
        "isMulticolor2": false,
        "tags": [
          "search",
          "magnifier",
          "magnifying-glass",
          "inspect",
          "find"
        ],
        "defaultCode": 59782,
        "grid": 16
      },
      "attrs": [],
      "properties": {
        "ligatures": "search, magnifier",
        "name": "search",
        "order": 6,
        "id": 6,
        "prevSize": 32,
        "code": 59782
      },
      "setIdx": 0,
      "setId": 4,
      "iconIdx": 6
    },
    {
      "icon": {
        "paths": [
          "M384 512h-320v-128h320v-128l192 192-192 192zM1024 0v832l-384 192v-192h-384v-256h64v192h320v-576l256-128h-576v256h-64v-320z"
        ],
        "attrs": [],
        "isMulticolor": false,
        "isMulticolor2": false,
        "tags": [
          "enter",
          "signin",
          "login"
        ],
        "defaultCode": 59923,
        "grid": 16
      },
      "attrs": [],
      "properties": {
        "ligatures": "enter, signin",
        "name": "enter",
        "order": 4,
        "id": 7,
        "prevSize": 32,
        "code": 59923
      },
      "setIdx": 0,
      "setId": 4,
      "iconIdx": 7
    },
    {
      "icon": {
        "paths": [
          "M768 640v-128h-320v-128h320v-128l192 192zM704 576v256h-320v192l-384-192v-832h704v320h-64v-256h-512l256 128v576h256v-192z"
        ],
        "attrs": [],
        "isMulticolor": false,
        "isMulticolor2": false,
        "tags": [
          "exit",
          "signout",
          "logout",
          "quit",
          "close"
        ],
        "defaultCode": 59924,
        "grid": 16
      },
      "attrs": [],
      "properties": {
        "ligatures": "exit, signout",
        "name": "exit",
        "order": 5,
        "id": 8,
        "prevSize": 32,
        "code": 59924
      },
      "setIdx": 0,
      "setId": 4,
      "iconIdx": 8
    },
    {
      "icon": {
        "paths": [
          "M1024 397.050l-353.78-51.408-158.22-320.582-158.216 320.582-353.784 51.408 256 249.538-60.432 352.352 316.432-166.358 316.432 166.358-60.434-352.352 256.002-249.538z"
        ],
        "attrs": [
          {}
        ],
        "isMulticolor": false,
        "isMulticolor2": false,
        "tags": [
          "star-full",
          "rate",
          "star",
          "favorite",
          "bookmark"
        ],
        "grid": 16
      },
      "attrs": [
        {}
      ],
      "properties": {
        "order": 1,
        "id": 3,
        "prevSize": 32,
        "code": 59657,
        "name": "star-full"
      },
      "setIdx": 2,
      "setId": 2,
      "iconIdx": 0
    },
    {
      "icon": {
        "paths": [
          "M1024 397.050l-353.78-51.408-158.22-320.582-158.216 320.582-353.784 51.408 256 249.538-60.432 352.352 316.432-166.358 316.432 166.358-60.434-352.352 256.002-249.538zM512 753.498l-223.462 117.48 42.676-248.83-180.786-176.222 249.84-36.304 111.732-226.396 111.736 226.396 249.836 36.304-180.788 176.222 42.678 248.83-223.462-117.48z"
        ],
        "attrs": [
          {}
        ],
        "isMulticolor": false,
        "isMulticolor2": false,
        "tags": [
          "star-empty",
          "rate",
          "star",
          "favorite",
          "bookmark"
        ],
        "grid": 16
      },
      "attrs": [
        {}
      ],
      "properties": {
        "order": 2,
        "id": 2,
        "prevSize": 32,
        "code": 59658,
        "name": "star-empty"
      },
      "setIdx": 2,
      "setId": 2,
      "iconIdx": 1
    },
    {
      "icon": {
        "paths": [
          "M658.286 457.143v109.714c0 9.714-8.571 18.286-18.286 18.286h-201.143v109.714c0 10.286-8 18.286-18.286 18.286-5.143 0-9.714-2.286-13.714-5.714l-182.286-182.286c-3.429-3.429-5.143-8.571-5.143-13.143s1.714-9.714 5.143-13.143l182.857-182.857c3.429-3.429 8.571-5.143 13.143-5.143 9.714 0 18.286 8.571 18.286 18.286v109.714h201.143c9.714 0 18.286 8.571 18.286 18.286zM749.714 512c0-171.429-139.429-310.857-310.857-310.857s-310.857 139.429-310.857 310.857 139.429 310.857 310.857 310.857 310.857-139.429 310.857-310.857zM877.714 512c0 242.286-196.571 438.857-438.857 438.857s-438.857-196.571-438.857-438.857 196.571-438.857 438.857-438.857 438.857 196.571 438.857 438.857z"
        ],
        "width": 878,
        "attrs": [
          {}
        ],
        "isMulticolor": false,
        "isMulticolor2": false,
        "tags": [
          "arrow-circle-o-left"
        ],
        "grid": 14
      },
      "attrs": [
        {}
      ],
      "properties": {
        "order": 1,
        "id": 0,
        "name": "arrow-circle-o-left",
        "prevSize": 28,
        "code": 59648
      },
      "setIdx": 1,
      "setId": 3,
      "iconIdx": 0
    },
    {
      "icon": {
        "paths": [
          "M658.286 512c0 4.571-1.714 9.714-5.143 13.143l-182.857 182.857c-3.429 3.429-8.571 5.143-13.143 5.143-9.714 0-18.286-8.571-18.286-18.286v-109.714h-201.143c-9.714 0-18.286-8.571-18.286-18.286v-109.714c0-9.714 8.571-18.286 18.286-18.286h201.143v-109.714c0-10.286 8-18.286 18.286-18.286 5.143 0 9.714 2.286 13.714 5.714l182.286 182.286c3.429 3.429 5.143 8.571 5.143 13.143zM749.714 512c0-171.429-139.429-310.857-310.857-310.857s-310.857 139.429-310.857 310.857 139.429 310.857 310.857 310.857 310.857-139.429 310.857-310.857zM877.714 512c0 242.286-196.571 438.857-438.857 438.857s-438.857-196.571-438.857-438.857 196.571-438.857 438.857-438.857 438.857 196.571 438.857 438.857z"
        ],
        "width": 878,
        "attrs": [
          {}
        ],
        "isMulticolor": false,
        "isMulticolor2": false,
        "tags": [
          "arrow-circle-o-right"
        ],
        "grid": 14
      },
      "attrs": [
        {}
      ],
      "properties": {
        "order": 2,
        "id": 1,
        "name": "arrow-circle-o-right",
        "prevSize": 28,
        "code": 59649
      },
      "setIdx": 1,
      "setId": 3,
      "iconIdx": 1
    },
    {
      "icon": {
        "paths": [
          "M1024 512c0 202.286-229.143 365.714-512 365.714-28 0-56-1.714-82.857-4.571-74.857 66.286-164 113.143-262.857 138.286-20.571 5.714-42.857 9.714-65.143 12.571-12.571 1.143-24.571-8-27.429-21.714v-0.571c-2.857-14.286 6.857-22.857 15.429-33.143 36-40.571 77.143-74.857 104-170.286-117.714-66.857-193.143-170.286-193.143-286.286 0-201.714 229.143-365.714 512-365.714s512 163.429 512 365.714z"
        ],
        "attrs": [
          {}
        ],
        "isMulticolor": false,
        "isMulticolor2": false,
        "tags": [
          "comment"
        ],
        "grid": 14
      },
      "attrs": [
        {}
      ],
      "properties": {
        "order": 1,
        "id": 2,
        "name": "comment",
        "prevSize": 28,
        "code": 59651
      },
      "setIdx": 1,
      "setId": 3,
      "iconIdx": 2
    },
    {
      "icon": {
        "paths": [
          "M512 950.857c-9.143 0-18.286-3.429-25.143-10.286l-356.571-344c-4.571-4-130.286-118.857-130.286-256 0-167.429 102.286-267.429 273.143-267.429 100 0 193.714 78.857 238.857 123.429 45.143-44.571 138.857-123.429 238.857-123.429 170.857 0 273.143 100 273.143 267.429 0 137.143-125.714 252-130.857 257.143l-356 342.857c-6.857 6.857-16 10.286-25.143 10.286z"
        ],
        "attrs": [
          {}
        ],
        "isMulticolor": false,
        "isMulticolor2": false,
        "tags": [
          "heart"
        ],
        "grid": 14
      },
      "attrs": [
        {}
      ],
      "properties": {
        "order": 1,
        "id": 3,
        "name": "heart",
        "prevSize": 28,
        "code": 59652
      },
      "setIdx": 1,
      "setId": 3,
      "iconIdx": 3
    },
    {
      "icon": {
        "paths": [
          "M146.286 329.143c0 20-16.571 36.571-36.571 36.571-20.571 0-36.571-16.571-36.571-36.571 0-20.571 16-36.571 36.571-36.571 20 0 36.571 16 36.571 36.571zM237.714 621.714v-365.714c0-20-16.571-36.571-36.571-36.571h-164.571c-20 0-36.571 16.571-36.571 36.571v365.714c0 20 16.571 36.571 36.571 36.571h164.571c20 0 36.571-16.571 36.571-36.571zM882.857 536.571c19.429 21.714 31.429 54.857 31.429 85.143-0.571 59.429-50.286 109.714-109.714 109.714h-158.286c4.571 18.286 10.286 24 16.571 36.571 14.857 29.714 32 62.857 32 109.714 0 44 0 146.286-128 146.286-9.714 0-18.857-4-25.714-10.857-24.571-24-31.429-59.429-37.714-93.143-6.857-33.143-13.143-67.429-35.429-89.714-17.714-17.714-37.143-42.286-57.714-68.571-25.143-33.143-80-101.143-101.143-102.857-18.857-1.714-34.857-17.714-34.857-36.571v-366.286c0-20 17.143-36 36.571-36.571 20-0.571 54.286-12.571 90.286-25.143 61.714-21.143 138.857-48 220.571-48h73.714c50.286 0.571 88 15.429 112.571 44.571 21.714 25.714 31.429 60.571 28 103.429 14.286 13.714 25.143 32.571 30.857 53.714 6.286 22.857 6.286 45.714 0 66.857 17.143 22.857 25.714 49.714 24.571 78.286 0 8-2.286 25.143-8.571 43.429z"
        ],
        "width": 914,
        "attrs": [
          {}
        ],
        "isMulticolor": false,
        "isMulticolor2": false,
        "tags": [
          "thumbs-down"
        ],
        "grid": 14
      },
      "attrs": [
        {}
      ],
      "properties": {
        "order": 1,
        "id": 4,
        "name": "thumbs-down",
        "prevSize": 28,
        "code": 59654
      },
      "setIdx": 1,
      "setId": 3,
      "iconIdx": 4
    }
  ],
  "height": 1024,
  "metadata": {
    "name": "icomoon"
  },
  "preferences": {
    "showGlyphs": true,
    "showQuickUse": true,
    "showQuickUse2": true,
    "showSVGs": true,
    "fontPref": {
      "prefix": "icon-",
      "metadata": {
        "fontFamily": "icomoon"
      },
      "metrics": {
        "emSize": 1024,
        "baseline": 6.25,
        "whitespace": 50
      },
      "embed": false
    },
    "imagePref": {
      "prefix": "icon-",
      "png": true,
      "useClassSelector": true,
      "color": 0,
      "bgColor": 16777215,
      "classSelector": ".icon"
    },
    "historySize": 50,
    "showCodes": true,
    "gridSize": 16
  }
}